{
    "AWSTemplateFormatVersion": "2010-09-09",
    "Description": "AWS CloudFormation sample template.  \nCreate an Amazon EC2 instance with cfn-init and cfn-signal.\n",
    "Resources": {
        "Instance": {
            "CreationPolicy": {
                "ResourceSignal": {
                    "Timeout": "PT5M"
                }
            },
            "Type": "AWS::EC2::Instance",
            "Metadata": {
                "guard": {
                    "SuppressedRules": [
                        "EC2_INSTANCES_IN_VPC"
                    ]
                },
                "AWS::CloudFormation::Init": {
                    "config": {
                        "packages": {
                            "yum": {
                                "httpd": []
                            }
                        },
                        "files": {
                            "/var/www/html/index.html": {
                                "content": "<body>\n  <h1>Congratulations, you have successfully launched the AWS CloudFormation sample.</h1>\n</body>\n",
                                "mode": "000644",
                                "owner": "root",
                                "group": "root"
                            },
                            "/etc/cfn/cfn-hup.conf": {
                                "content": {
                                    "Fn::Sub": "[main]\nstack=${AWS::StackId}\nregion=${AWS::Region}\n"
                                },
                                "mode": "000400",
                                "owner": "root",
                                "group": "root"
                            },
                            "/etc/cfn/hooks.d/cfn-auto-reloader.conf": {
                                "content": {
                                    "Fn::Sub": "[cfn-auto-reloader-hook]\ntriggers=post.update\npath=Resources.LaunchConfig.Metadata.AWS::CloudFormation::Init\naction=/opt/aws/bin/cfn-init -v --stack ${AWS::StackName} --resource Instance --region ${AWS::Region}\nrunas=root"
                                }
                            }
                        },
                        "services": {
                            "sysvinit": {
                                "httpd": {
                                    "enabled": true,
                                    "ensureRunning": true
                                },
                                "cfn-hup": {
                                    "enabled": true,
                                    "ensureRunning": true,
                                    "files": [
                                        "/etc/cfn/cfn-hup.conf",
                                        "/etc/cfn/hooks.d/cfn-auto-reloader.conf"
                                    ]
                                }
                            }
                        }
                    }
                }
            },
            "Properties": {
                "ImageId": "{{resolve:ssm:/aws/service/ami-amazon-linux-latest/al2023-ami-kernel-6.1-arm64}}",
                "InstanceType": "t4g.nano",
                "KeyName": "sample",
                "BlockDeviceMappings": [
                    {
                        "DeviceName": "/dev/sda1",
                        "Ebs": {
                            "VolumeSize": 32
                        }
                    }
                ],
                "UserData": {
                    "Fn::Base64": {
                        "Fn::Sub": "#!/bin/bash\n/opt/aws/bin/cfn-signal -e $? --stack ${AWS::StackName} --resource Instance --region ${AWS::Region}"
                    }
                }
            }
        }
    }
}
