{
    "AWSTemplateFormatVersion": "2010-09-09",
    "Description": "Creates a VPC with Managed NAT, similar to the VPC Wizard at https://console.aws.amazon.com/vpc/home#wizardFullpagePublicAndPrivate: (extended from VPC_with_PublicIPs_And_DNS.template sample)",
    "Parameters": {
        "VPCName": {
            "Description": "The name of the VPC being created.",
            "Type": "String",
            "Default": "VPC Public and Private with NAT"
        }
    },
    "Mappings": {
        "SubnetConfig": {
            "VPC": {
                "CIDR": "10.0.0.0/16"
            },
            "Public0": {
                "CIDR": "10.0.0.0/24"
            },
            "Public1": {
                "CIDR": "10.0.1.0/24"
            },
            "Private0": {
                "CIDR": "10.0.2.0/24"
            },
            "Private1": {
                "CIDR": "10.0.3.0/24"
            }
        }
    },
    "Resources": {
        "VPC": {
            "Type": "AWS::EC2::VPC",
            "Properties": {
                "EnableDnsSupport": "true",
                "EnableDnsHostnames": "true",
                "CidrBlock": {
                    "Fn::FindInMap": [
                        "SubnetConfig",
                        "VPC",
                        "CIDR"
                    ]
                },
                "Tags": [
                    {
                        "Key": "Application",
                        "Value": {
                            "Ref": "AWS::StackName"
                        }
                    },
                    {
                        "Key": "Network",
                        "Value": "Public"
                    },
                    {
                        "Key": "Name",
                        "Value": {
                            "Ref": "VPCName"
                        }
                    }
                ]
            }
        },
        "PublicSubnet0": {
            "Type": "AWS::EC2::Subnet",
            "Properties": {
                "VpcId": {
                    "Ref": "VPC"
                },
                "AvailabilityZone": {
                    "Fn::Sub": [
                        "${AWS::Region}${AZ}",
                        {
                            "AZ": {
                                "Fn::Select": [
                                    0,
                                    {
                                        "Fn::GetAZs": null
                                    }
                                ]
                            }
                        }
                    ]
                },
                "CidrBlock": {
                    "Fn::FindInMap": [
                        "SubnetConfig",
                        "Public0",
                        "CIDR"
                    ]
                },
                "MapPublicIpOnLaunch": "true",
                "Tags": [
                    {
                        "Key": "Application",
                        "Value": {
                            "Ref": "AWS::StackName"
                        }
                    },
                    {
                        "Key": "Network",
                        "Value": "Public"
                    },
                    {
                        "Key": "Name",
                        "Value": {
                            "Fn::Join": [
                                "",
                                [
                                    {
                                        "Ref": "VPCName"
                                    },
                                    "-public-",
                                    {
                                        "Fn::Select": [
                                            0,
                                            {
                                                "Fn::GetAZs": null
                                            }
                                        ]
                                    }
                                ]
                            ]
                        }
                    }
                ]
            }
        },
        "PublicSubnet1": {
            "Type": "AWS::EC2::Subnet",
            "Properties": {
                "VpcId": {
                    "Ref": "VPC"
                },
                "AvailabilityZone": {
                    "Fn::Sub": [
                        "${AWS::Region}${AZ}",
                        {
                            "AZ": {
                                "Fn::Select": [
                                    1,
                                    {
                                        "Fn::GetAZs": null
                                    }
                                ]
                            }
                        }
                    ]
                },
                "CidrBlock": {
                    "Fn::FindInMap": [
                        "SubnetConfig",
                        "Public1",
                        "CIDR"
                    ]
                },
                "MapPublicIpOnLaunch": "true",
                "Tags": [
                    {
                        "Key": "Application",
                        "Value": {
                            "Ref": "AWS::StackName"
                        }
                    },
                    {
                        "Key": "Network",
                        "Value": "Public"
                    },
                    {
                        "Key": "Name",
                        "Value": {
                            "Fn::Join": [
                                "",
                                [
                                    {
                                        "Ref": "VPCName"
                                    },
                                    "-public-",
                                    {
                                        "Fn::Select": [
                                            1,
                                            {
                                                "Fn::GetAZs": null
                                            }
                                        ]
                                    }
                                ]
                            ]
                        }
                    }
                ]
            }
        },
        "PrivateSubnet0": {
            "Type": "AWS::EC2::Subnet",
            "Properties": {
                "VpcId": {
                    "Ref": "VPC"
                },
                "AvailabilityZone": {
                    "Fn::Sub": [
                        "${AWS::Region}${AZ}",
                        {
                            "AZ": {
                                "Fn::Select": [
                                    0,
                                    {
                                        "Fn::GetAZs": null
                                    }
                                ]
                            }
                        }
                    ]
                },
                "CidrBlock": {
                    "Fn::FindInMap": [
                        "SubnetConfig",
                        "Private0",
                        "CIDR"
                    ]
                },
                "Tags": [
                    {
                        "Key": "Application",
                        "Value": {
                            "Ref": "AWS::StackName"
                        }
                    },
                    {
                        "Key": "Network",
                        "Value": "Private"
                    },
                    {
                        "Key": "Name",
                        "Value": {
                            "Fn::Join": [
                                "",
                                [
                                    {
                                        "Ref": "VPCName"
                                    },
                                    "-private-",
                                    {
                                        "Fn::Select": [
                                            0,
                                            {
                                                "Fn::GetAZs": null
                                            }
                                        ]
                                    }
                                ]
                            ]
                        }
                    }
                ]
            }
        },
        "PrivateSubnet1": {
            "Type": "AWS::EC2::Subnet",
            "Properties": {
                "VpcId": {
                    "Ref": "VPC"
                },
                "AvailabilityZone": {
                    "Fn::Sub": [
                        "${AWS::Region}${AZ}",
                        {
                            "AZ": {
                                "Fn::Select": [
                                    1,
                                    {
                                        "Fn::GetAZs": null
                                    }
                                ]
                            }
                        }
                    ]
                },
                "CidrBlock": {
                    "Fn::FindInMap": [
                        "SubnetConfig",
                        "Private1",
                        "CIDR"
                    ]
                },
                "Tags": [
                    {
                        "Key": "Application",
                        "Value": {
                            "Ref": "AWS::StackName"
                        }
                    },
                    {
                        "Key": "Network",
                        "Value": "Private"
                    },
                    {
                        "Key": "Name",
                        "Value": {
                            "Fn::Join": [
                                "",
                                [
                                    {
                                        "Ref": "VPCName"
                                    },
                                    "-private-",
                                    {
                                        "Fn::Select": [
                                            1,
                                            {
                                                "Fn::GetAZs": null
                                            }
                                        ]
                                    }
                                ]
                            ]
                        }
                    }
                ]
            }
        },
        "InternetGateway": {
            "Type": "AWS::EC2::InternetGateway",
            "Properties": {
                "Tags": [
                    {
                        "Key": "Application",
                        "Value": {
                            "Ref": "AWS::StackName"
                        }
                    },
                    {
                        "Key": "Network",
                        "Value": "Public"
                    },
                    {
                        "Key": "Name",
                        "Value": {
                            "Fn::Join": [
                                "",
                                [
                                    {
                                        "Ref": "VPCName"
                                    },
                                    "-IGW"
                                ]
                            ]
                        }
                    }
                ]
            }
        },
        "GatewayToInternet": {
            "Type": "AWS::EC2::VPCGatewayAttachment",
            "Properties": {
                "VpcId": {
                    "Ref": "VPC"
                },
                "InternetGatewayId": {
                    "Ref": "InternetGateway"
                }
            }
        },
        "PublicRouteTable": {
            "Type": "AWS::EC2::RouteTable",
            "Properties": {
                "VpcId": {
                    "Ref": "VPC"
                },
                "Tags": [
                    {
                        "Key": "Application",
                        "Value": {
                            "Ref": "AWS::StackName"
                        }
                    },
                    {
                        "Key": "Network",
                        "Value": "Public"
                    },
                    {
                        "Key": "Name",
                        "Value": {
                            "Fn::Join": [
                                "",
                                [
                                    {
                                        "Ref": "VPCName"
                                    },
                                    "-public-route-table"
                                ]
                            ]
                        }
                    }
                ]
            }
        },
        "PublicRoute": {
            "Type": "AWS::EC2::Route",
            "DependsOn": "GatewayToInternet",
            "Properties": {
                "RouteTableId": {
                    "Ref": "PublicRouteTable"
                },
                "DestinationCidrBlock": "0.0.0.0/0",
                "GatewayId": {
                    "Ref": "InternetGateway"
                }
            }
        },
        "PublicSubnetRouteTableAssociation0": {
            "Type": "AWS::EC2::SubnetRouteTableAssociation",
            "Properties": {
                "SubnetId": {
                    "Ref": "PublicSubnet0"
                },
                "RouteTableId": {
                    "Ref": "PublicRouteTable"
                }
            }
        },
        "PublicSubnetRouteTableAssociation1": {
            "Type": "AWS::EC2::SubnetRouteTableAssociation",
            "Properties": {
                "SubnetId": {
                    "Ref": "PublicSubnet1"
                },
                "RouteTableId": {
                    "Ref": "PublicRouteTable"
                }
            }
        },
        "PublicNetworkAcl": {
            "Type": "AWS::EC2::NetworkAcl",
            "Properties": {
                "VpcId": {
                    "Ref": "VPC"
                },
                "Tags": [
                    {
                        "Key": "Application",
                        "Value": {
                            "Ref": "AWS::StackName"
                        }
                    },
                    {
                        "Key": "Network",
                        "Value": "Public"
                    },
                    {
                        "Key": "Name",
                        "Value": {
                            "Fn::Join": [
                                "",
                                [
                                    {
                                        "Ref": "VPCName"
                                    },
                                    "-public-nacl"
                                ]
                            ]
                        }
                    }
                ]
            }
        },
        "InboundHTTPPublicNetworkAclEntry": {
            "Type": "AWS::EC2::NetworkAclEntry",
            "Properties": {
                "NetworkAclId": {
                    "Ref": "PublicNetworkAcl"
                },
                "RuleNumber": "100",
                "Protocol": "-1",
                "RuleAction": "allow",
                "Egress": "false",
                "CidrBlock": "0.0.0.0/0",
                "PortRange": {
                    "From": "0",
                    "To": "65535"
                }
            }
        },
        "OutboundPublicNetworkAclEntry": {
            "Type": "AWS::EC2::NetworkAclEntry",
            "Properties": {
                "NetworkAclId": {
                    "Ref": "PublicNetworkAcl"
                },
                "RuleNumber": "100",
                "Protocol": "-1",
                "RuleAction": "allow",
                "Egress": "true",
                "CidrBlock": "0.0.0.0/0",
                "PortRange": {
                    "From": "0",
                    "To": "65535"
                }
            }
        },
        "PublicSubnetNetworkAclAssociation0": {
            "Type": "AWS::EC2::SubnetNetworkAclAssociation",
            "Properties": {
                "SubnetId": {
                    "Ref": "PublicSubnet0"
                },
                "NetworkAclId": {
                    "Ref": "PublicNetworkAcl"
                }
            }
        },
        "PublicSubnetNetworkAclAssociation1": {
            "Type": "AWS::EC2::SubnetNetworkAclAssociation",
            "Properties": {
                "SubnetId": {
                    "Ref": "PublicSubnet1"
                },
                "NetworkAclId": {
                    "Ref": "PublicNetworkAcl"
                }
            }
        },
        "ElasticIP0": {
            "Type": "AWS::EC2::EIP",
            "Properties": {
                "Domain": "vpc"
            }
        },
        "ElasticIP1": {
            "Type": "AWS::EC2::EIP",
            "Properties": {
                "Domain": "vpc"
            }
        },
        "NATGateway0": {
            "Type": "AWS::EC2::NatGateway",
            "Properties": {
                "AllocationId": {
                    "Fn::GetAtt": [
                        "ElasticIP0",
                        "AllocationId"
                    ]
                },
                "SubnetId": {
                    "Ref": "PublicSubnet0"
                }
            }
        },
        "NATGateway1": {
            "Type": "AWS::EC2::NatGateway",
            "Properties": {
                "AllocationId": {
                    "Fn::GetAtt": [
                        "ElasticIP1",
                        "AllocationId"
                    ]
                },
                "SubnetId": {
                    "Ref": "PublicSubnet1"
                }
            }
        },
        "PrivateRouteTable0": {
            "Type": "AWS::EC2::RouteTable",
            "Properties": {
                "VpcId": {
                    "Ref": "VPC"
                },
                "Tags": [
                    {
                        "Key": "Name",
                        "Value": {
                            "Fn::Join": [
                                "",
                                [
                                    {
                                        "Ref": "VPCName"
                                    },
                                    "-private-route-table-0"
                                ]
                            ]
                        }
                    }
                ]
            }
        },
        "PrivateRouteTable1": {
            "Type": "AWS::EC2::RouteTable",
            "Properties": {
                "VpcId": {
                    "Ref": "VPC"
                },
                "Tags": [
                    {
                        "Key": "Name",
                        "Value": {
                            "Fn::Join": [
                                "",
                                [
                                    {
                                        "Ref": "VPCName"
                                    },
                                    "-private-route-table-1"
                                ]
                            ]
                        }
                    }
                ]
            }
        },
        "PrivateRouteToInternet0": {
            "Type": "AWS::EC2::Route",
            "Properties": {
                "RouteTableId": {
                    "Ref": "PrivateRouteTable0"
                },
                "DestinationCidrBlock": "0.0.0.0/0",
                "NatGatewayId": {
                    "Ref": "NATGateway0"
                }
            }
        },
        "PrivateRouteToInternet1": {
            "Type": "AWS::EC2::Route",
            "Properties": {
                "RouteTableId": {
                    "Ref": "PrivateRouteTable1"
                },
                "DestinationCidrBlock": "0.0.0.0/0",
                "NatGatewayId": {
                    "Ref": "NATGateway1"
                }
            }
        },
        "PrivateSubnetRouteTableAssociation0": {
            "Type": "AWS::EC2::SubnetRouteTableAssociation",
            "Properties": {
                "SubnetId": {
                    "Ref": "PrivateSubnet0"
                },
                "RouteTableId": {
                    "Ref": "PrivateRouteTable0"
                }
            }
        },
        "PrivateSubnetRouteTableAssociation1": {
            "Type": "AWS::EC2::SubnetRouteTableAssociation",
            "Properties": {
                "SubnetId": {
                    "Ref": "PrivateSubnet1"
                },
                "RouteTableId": {
                    "Ref": "PrivateRouteTable1"
                }
            }
        }
    },
    "Outputs": {
        "VPCId": {
            "Description": "VPCId of VPC",
            "Value": {
                "Ref": "VPC"
            },
            "Export": {
                "Name": {
                    "Fn::Sub": "${AWS::Region}-${AWS::StackName}-VPC"
                }
            }
        },
        "PublicSubnet0": {
            "Description": "SubnetId of public subnet 0",
            "Value": {
                "Ref": "PublicSubnet0"
            },
            "Export": {
                "Name": {
                    "Fn::Sub": "${AWS::Region}-${AWS::StackName}-PublicSubnet0"
                }
            }
        },
        "PublicSubnet1": {
            "Description": "SubnetId of public subnet 1",
            "Value": {
                "Ref": "PublicSubnet1"
            },
            "Export": {
                "Name": {
                    "Fn::Sub": "${AWS::Region}-${AWS::StackName}-PublicSubnet1"
                }
            }
        },
        "PrivateSubnet0": {
            "Description": "SubnetId of private subnet 0",
            "Value": {
                "Ref": "PrivateSubnet0"
            },
            "Export": {
                "Name": {
                    "Fn::Sub": "${AWS::Region}-${AWS::StackName}-PrivateSubnet0"
                }
            }
        },
        "PrivateSubnet1": {
            "Description": "SubnetId of private subnet 1",
            "Value": {
                "Ref": "PrivateSubnet1"
            },
            "Export": {
                "Name": {
                    "Fn::Sub": "${AWS::Region}-${AWS::StackName}-PrivateSubnet1"
                }
            }
        },
        "DefaultSecurityGroup": {
            "Description": "DefaultSecurityGroup Id",
            "Value": {
                "Fn::GetAtt": [
                    "VPC",
                    "DefaultSecurityGroup"
                ]
            },
            "Export": {
                "Name": {
                    "Fn::Sub": "${AWS::Region}-${AWS::StackName}-DefaultSecurityGroup"
                }
            }
        }
    }
}
