{
    "AWSTemplateFormatVersion": "2010-09-09",
    "Description": "This template creates an assumable role to be used by the requester account to accept the VPC peering connection. (Accepter Account)",
    "Metadata": {
        "AWS::CloudFormation::Interface": {
            "ParameterGroups": [
                {
                    "Label": {
                        "default": "VPC Peering Configuration"
                    },
                    "Parameters": [
                        "PeerOwnerIds"
                    ]
                }
            ],
            "ParameterLabels": {
                "PeerOwnerIds": {
                    "default": "Peer Owner IDs"
                }
            }
        }
    },
    "Parameters": {
        "PeerOwnerIds": {
            "Description": "AWS account IDs (comma-separated) of the owners of the requester VPCs. (i.e., 123456789012,4567890123)",
            "Type": "String",
            "AllowedPattern": "^(\\d{12})$|^((\\d{12}(,|, ))*\\d{12})$",
            "ConstraintDescription": "Must be 12 digits. Additional accounts can be provided, separated by a \"comma\""
        }
    },
    "Resources": {
        "PeerRole": {
            "Type": "AWS::IAM::Role",
            "Metadata": {
                "cfn_nag": {
                    "rules_to_suppress": [
                        {
                            "id": "W11",
                            "reason": "Allow * in resource, as only allowed AWS accounts can assume this role"
                        }
                    ]
                }
            },
            "Properties": {
                "AssumeRolePolicyDocument": {
                    "Statement": [
                        {
                            "Effect": "Allow",
                            "Action": "sts:AssumeRole",
                            "Principal": {
                                "AWS": {
                                    "Fn::Split": [
                                        ",",
                                        {
                                            "Ref": "PeerOwnerIds"
                                        }
                                    ]
                                }
                            }
                        }
                    ]
                },
                "Path": "/",
                "Tags": [
                    {
                        "Key": "StackName",
                        "Value": {
                            "Ref": "AWS::StackName"
                        }
                    }
                ],
                "Policies": [
                    {
                        "PolicyName": "AcceptVPCPeering",
                        "PolicyDocument": {
                            "Version": "2012-10-17",
                            "Statement": [
                                {
                                    "Effect": "Allow",
                                    "Action": "ec2:AcceptVpcPeeringConnection",
                                    "Resource": "*"
                                }
                            ]
                        }
                    }
                ]
            }
        }
    },
    "Outputs": {
        "PeerRoleARN": {
            "Description": "VPC Peer Role ARN",
            "Value": {
                "Fn::GetAtt": [
                    "PeerRole",
                    "Arn"
                ]
            }
        }
    }
}
