[
  {
    "LogicalResourceId": "MyFunctionImplicitGetPermissionProd",
    "ResourceType": "AWS::Lambda::Permission"
  },
  {
    "LogicalResourceId": "ServerlessRestApiDeployment",
    "ResourceType": "AWS::ApiGateway::Deployment"
  },
  {
    "LogicalResourceId": "ServerlessRestApipostBasePathMapping",
    "ResourceType": "AWS::ApiGateway::BasePathMapping"
  },
  {
    "LogicalResourceId": "ServerlessRestApi",
    "ResourceType": "AWS::ApiGateway::RestApi"
  },
  {
    "LogicalResourceId": "RecordSetGroupd17dced08c",
    "ResourceType": "AWS::Route53::RecordSetGroup"
  },
  {
    "LogicalResourceId": "ServerlessRestApiProdStage",
    "ResourceType": "AWS::ApiGateway::Stage"
  },
  {
    "LogicalResourceId": "ServerlessRestApigetBasePathMapping",
    "ResourceType": "AWS::ApiGateway::BasePathMapping"
  },
  {
    "LogicalResourceId": "ApiGatewayDomainName98c928338d",
    "ResourceType": "AWS::ApiGateway::DomainName"
  },
  {
    "LogicalResourceId": "MyFunction",
    "ResourceType": "AWS::Lambda::Function"
  },
  {
    "LogicalResourceId": "MyFunctionImplicitPostPermissionProd",
    "ResourceType": "AWS::Lambda::Permission"
  },
  {
    "LogicalResourceId": "MyFunctionRole",
    "ResourceType": "AWS::IAM::Role"
  }
]
