[
  {
    "LogicalResourceId": "Api",
    "ResourceType": "AWS::AppSync::GraphQLApi"
  },
  {
    "LogicalResourceId": "ApiSchema",
    "ResourceType": "AWS::AppSync::GraphQLSchema"
  },
  {
    "LogicalResourceId": "NoneDataSource",
    "ResourceType": "AWS::AppSync::DataSource"
  },
  {
    "LogicalResourceId": "SayHelloResolver",
    "ResourceType": "AWS::AppSync::Resolver"
  },
  {
    "LogicalResourceId": "SayHelloFunc",
    "ResourceType": "AWS::AppSync::FunctionConfiguration"
  },
  {
    "LogicalResourceId": "Authorizer",
    "ResourceType": "AWS::Lambda::Function"
  },
  {
    "LogicalResourceId": "AuthorizerRole",
    "ResourceType": "AWS::IAM::Role"
  },
  {
    "LogicalResourceId": "TriggerFunction",
    "ResourceType": "AWS::Lambda::Function"
  },
  {
    "LogicalResourceId": "TriggerFunctionRole",
    "ResourceType": "AWS::IAM::Role"
  },
  {
    "LogicalResourceId": "GraphQlApiToLambdaConnectorWriteLambdaPermission",
    "ResourceType": "AWS::Lambda::Permission"
  }
]
