[
  {
    "LogicalResourceId": "ConnectedFunction",
    "ResourceType": "AWS::Lambda::Function"
  },
  {
    "LogicalResourceId": "Stage",
    "ResourceType": "AWS::ApiGatewayV2::Stage"
  },
  {
    "LogicalResourceId": "MyConnectorWriteLambdaPermission",
    "ResourceType": "AWS::Lambda::Permission"
  },
  {
    "LogicalResourceId": "TriggerFunction",
    "ResourceType": "AWS::Lambda::Function"
  },
  {
    "LogicalResourceId": "MyRole1",
    "ResourceType": "AWS::IAM::Role"
  },
  {
    "LogicalResourceId": "MyRole2",
    "ResourceType": "AWS::IAM::Role"
  },
  {
    "LogicalResourceId": "HttpRoute",
    "ResourceType": "AWS::ApiGatewayV2::Route"
  },
  {
    "LogicalResourceId": "Integration",
    "ResourceType": "AWS::ApiGatewayV2::Integration"
  },
  {
    "LogicalResourceId": "HttpApi",
    "ResourceType": "AWS::ApiGatewayV2::Api"
  }
]
