[
  {
    "LogicalResourceId": "StateMachineFunctionRole",
    "ResourceType": "AWS::IAM::Role"
  },
  {
    "LogicalResourceId": "StateMachineRole",
    "ResourceType": "AWS::IAM::Role"
  },
  {
    "LogicalResourceId": "TriggerFunctionRole",
    "ResourceType": "AWS::IAM::Role"
  },
  {
    "LogicalResourceId": "StateMachine",
    "ResourceType": "AWS::StepFunctions::StateMachine"
  },
  {
    "LogicalResourceId": "StateMachineFunction",
    "ResourceType": "AWS::Lambda::Function"
  },
  {
    "LogicalResourceId": "TriggerFunction",
    "ResourceType": "AWS::Lambda::Function"
  },
  {
    "LogicalResourceId": "MyConnectorPolicy",
    "ResourceType": "AWS::IAM::ManagedPolicy"
  }
]
