[
  {
    "LogicalResourceId": "ApiKey",
    "ResourceType": "AWS::AppSync::ApiKey"
  },
  {
    "LogicalResourceId": "ApiSchema",
    "ResourceType": "AWS::AppSync::GraphQLSchema"
  },
  {
    "LogicalResourceId": "AppSyncApi",
    "ResourceType": "AWS::AppSync::GraphQLApi"
  },
  {
    "LogicalResourceId": "AppSyncEventBusDataSource",
    "ResourceType": "AWS::AppSync::DataSource"
  },
  {
    "LogicalResourceId": "AppSyncSayHelloResolver",
    "ResourceType": "AWS::AppSync::Resolver"
  },
  {
    "LogicalResourceId": "ConnectorPolicy",
    "ResourceType": "AWS::IAM::ManagedPolicy"
  },
  {
    "LogicalResourceId": "EventBridgeRole",
    "ResourceType": "AWS::IAM::Role"
  },
  {
    "LogicalResourceId": "EventBus",
    "ResourceType": "AWS::Events::EventBus"
  },
  {
    "LogicalResourceId": "TriggerFunction",
    "ResourceType": "AWS::Lambda::Function"
  }
]
