[
  {
    "LogicalResourceId": "MyLambdaFunction",
    "ResourceType": "AWS::Lambda::Function"
  },
  {
    "LogicalResourceId": "MyLambdaFunctionRole",
    "ResourceType": "AWS::IAM::Role"
  },
  {
    "LogicalResourceId": "MyLambdaFunctionRepeat",
    "ResourceType": "AWS::Events::Rule"
  },
  {
    "LogicalResourceId": "MyLambdaFunctionRepeatPermission",
    "ResourceType": "AWS::Lambda::Permission"
  },
  {
    "LogicalResourceId": "MyLambdaFunctionRepeatQueue",
    "ResourceType": "AWS::SQS::Queue"
  },
  {
    "LogicalResourceId": "MyLambdaFunctionRepeatQueuePolicy",
    "ResourceType": "AWS::SQS::QueuePolicy"
  }
]
