[
  {
    "LogicalResourceId": "MyLambdaFunction",
    "ResourceType": "AWS::Lambda::Function"
  },
  {
    "LogicalResourceId": "MyLambdaFunctionRole",
    "ResourceType": "AWS::IAM::Role"
  },
  {
    "LogicalResourceId": "MyLambdaFunctionGetApiPermission",
    "ResourceType": "AWS::Lambda::Permission"
  },
  {
    "LogicalResourceId": "MyApi",
    "ResourceType": "AWS::ApiGatewayV2::Api"
  },
  {
    "LogicalResourceId": "MyApiApiGatewayDefaultStage",
    "ResourceType": "AWS::ApiGatewayV2::Stage"
  }
]
