[
  {
    "LogicalResourceId": "MyStateMachine",
    "ResourceType": "AWS::StepFunctions::StateMachine"
  },
  {
    "LogicalResourceId": "MyStateMachineRole",
    "ResourceType": "AWS::IAM::Role"
  },
  {
    "LogicalResourceId": "MyStateMachineCWSchedule",
    "ResourceType": "AWS::Events::Rule"
  },
  {
    "LogicalResourceId": "MyStateMachineCWScheduleRole",
    "ResourceType": "AWS::IAM::Role"
  },
  {
    "LogicalResourceId": "MyDeadLetterQueue",
    "ResourceType": "AWS::SQS::Queue"
  }
]
