[
  {
    "LogicalResourceId": "MyStateMachine",
    "ResourceType": "AWS::StepFunctions::StateMachine"
  },
  {
    "LogicalResourceId": "MyStateMachineRole",
    "ResourceType": "AWS::IAM::Role"
  },
  {
    "LogicalResourceId": "MyStateMachineCWSchedule",
    "ResourceType": "AWS::Events::Rule"
  },
  {
    "LogicalResourceId": "MyStateMachineCWScheduleRole",
    "ResourceType": "AWS::IAM::Role"
  },
  {
    "LogicalResourceId": "MyDlq",
    "ResourceType": "AWS::SQS::Queue"
  },
  {
    "LogicalResourceId": "MyStateMachineCWScheduleQueuePolicy",
    "ResourceType": "AWS::SQS::QueuePolicy"
  }
]
