{
    "AWSTemplateFormatVersion": "2010-09-09",
    "Parameters": {
        "NotificationBucket": {
            "Description": "S3 bucket name that is the trigger to lambda",
            "Type": "String"
        }
    },
    "Resources": {
        "S3TriggerLambdaFunction": {
            "Type": "AWS::Lambda::Function",
            "Metadata": {
                "guard": {
                    "SuppressedRules": [
                        "LAMBDA_INSIDE_VPC"
                    ]
                }
            },
            "Properties": {
                "Code": {
                    "ZipFile": "import json\ndef lambda_handler(event,context):\n    print(event)\n    return \"Hello... This is a test S3 trigger Lambda Function\"\n"
                },
                "Handler": "index.lambda_handler",
                "Role": {
                    "Fn::GetAtt": [
                        "LambdaIAMRole",
                        "Arn"
                    ]
                },
                "Runtime": "python3.9",
                "Timeout": 30
            }
        },
        "LambdaInvokePermission": {
            "Type": "AWS::Lambda::Permission",
            "Properties": {
                "FunctionName": {
                    "Fn::GetAtt": [
                        "S3TriggerLambdaFunction",
                        "Arn"
                    ]
                },
                "Action": "lambda:InvokeFunction",
                "Principal": "s3.amazonaws.com",
                "SourceAccount": {
                    "Ref": "AWS::AccountId"
                },
                "SourceArn": {
                    "Fn::Sub": "arn:${AWS::Partition}:s3:::${NotificationBucket}"
                }
            }
        },
        "LambdaIAMRole": {
            "Type": "AWS::IAM::Role",
            "Properties": {
                "AssumeRolePolicyDocument": {
                    "Version": "2012-10-17",
                    "Statement": [
                        {
                            "Effect": "Allow",
                            "Principal": {
                                "Service": [
                                    "lambda.amazonaws.com"
                                ]
                            },
                            "Action": [
                                "sts:AssumeRole"
                            ]
                        }
                    ]
                },
                "Path": "/",
                "Policies": [
                    {
                        "PolicyName": "root",
                        "PolicyDocument": {
                            "Version": "2012-10-17",
                            "Statement": [
                                {
                                    "Effect": "Allow",
                                    "Action": [
                                        "logs:CreateLogGroup",
                                        "logs:CreateLogStream",
                                        "logs:PutLogEvents"
                                    ],
                                    "Resource": "arn:aws:logs:*:*:*"
                                }
                            ]
                        }
                    }
                ]
            }
        },
        "S3BucketNotification": {
            "Type": "AWS::S3::Bucket",
            "DependsOn": [
                "LambdaInvokePermission"
            ],
            "Metadata": {
                "Comment": "The suppressed guard rules are not vital for this sample but should be considered for production infrastructure",
                "guard": {
                    "SuppressedRules": [
                        "S3_BUCKET_DEFAULT_LOCK_ENABLED",
                        "S3_BUCKET_REPLICATION_ENABLED",
                        "S3_BUCKET_VERSIONING_ENABLED",
                        "S3_BUCKET_LOGGING_ENABLED"
                    ]
                }
            },
            "Properties": {
                "BucketName": {
                    "Fn::Sub": "${NotificationBucket}"
                },
                "BucketEncryption": {
                    "ServerSideEncryptionConfiguration": [
                        {
                            "ServerSideEncryptionByDefault": {
                                "SSEAlgorithm": "AES256"
                            }
                        }
                    ]
                },
                "PublicAccessBlockConfiguration": {
                    "BlockPublicAcls": true,
                    "BlockPublicPolicy": true,
                    "IgnorePublicAcls": true,
                    "RestrictPublicBuckets": true
                },
                "NotificationConfiguration": {
                    "LambdaConfigurations": [
                        {
                            "Event": "s3:ObjectCreated:Put",
                            "Function": {
                                "Fn::GetAtt": [
                                    "S3TriggerLambdaFunction",
                                    "Arn"
                                ]
                            }
                        }
                    ]
                }
            }
        }
    }
}
