{
    "AWSTemplateFormatVersion": "2010-09-09",
    "Description": "AWS CloudFormation Sample Template AppRunnerService: This template demonstrates the creation of a App Runner Service from existing ECR Repository.  **WARNING** This template creates an AWS App Runner Service. You will be billed for the AWS resources used if you create a stack from this template.",
    "Metadata": {
        "License": "Apache-2.0"
    },
    "Parameters": {
        "ECRURL": {
            "Description": "URL of the ECR Repository.",
            "Type": "String",
            "Default": "123456789012.dkr.ecr.us-east-2.amazonaws.com/cfntest:apache"
        },
        "TCPPORT": {
            "Description": "Port on which the container is listening.",
            "Type": "Number",
            "Default": 80
        }
    },
    "Resources": {
        "AppRunnerRole": {
            "Type": "AWS::IAM::Role",
            "Properties": {
                "AssumeRolePolicyDocument": {
                    "Version": "2012-10-17",
                    "Statement": [
                        {
                            "Effect": "Allow",
                            "Principal": {
                                "Service": [
                                    "build.apprunner.amazonaws.com"
                                ]
                            },
                            "Action": [
                                "sts:AssumeRole"
                            ]
                        }
                    ]
                },
                "Path": "/",
                "Policies": [
                    {
                        "PolicyName": "root",
                        "PolicyDocument": {
                            "Version": "2012-10-17",
                            "Statement": [
                                {
                                    "Effect": "Allow",
                                    "Action": [
                                        "ecr:GetDownloadUrlForLayer",
                                        "ecr:BatchGetImage",
                                        "ecr:DescribeImages",
                                        "ecr:GetAuthorizationToken",
                                        "ecr:BatchCheckLayerAvailability"
                                    ],
                                    "Resource": "*"
                                }
                            ]
                        }
                    }
                ]
            }
        },
        "AppRunner": {
            "Type": "AWS::AppRunner::Service",
            "Properties": {
                "ServiceName": {
                    "Fn::Join": [
                        "",
                        [
                            {
                                "Ref": "AWS::StackName"
                            },
                            "-service"
                        ]
                    ]
                },
                "SourceConfiguration": {
                    "AuthenticationConfiguration": {
                        "AccessRoleArn": {
                            "Fn::GetAtt": [
                                "AppRunnerRole",
                                "Arn"
                            ]
                        }
                    },
                    "AutoDeploymentsEnabled": true,
                    "ImageRepository": {
                        "ImageRepositoryType": "ECR",
                        "ImageIdentifier": {
                            "Ref": "ECRURL"
                        },
                        "ImageConfiguration": {
                            "Port": {
                                "Ref": "TCPPORT"
                            }
                        }
                    }
                }
            }
        }
    },
    "Outputs": {
        "AppRunner": {
            "Description": "URL of the deployed App Runner Service",
            "Value": {
                "Fn::Join": [
                    "",
                    [
                        "https://",
                        {
                            "Fn::GetAtt": [
                                "AppRunner",
                                "ServiceUrl"
                            ]
                        }
                    ]
                ]
            }
        }
    }
}
